,Nanoparticle,Type: Organic (O)/inorganic (I),coat,Diameter (nm),Concentration μM,Zeta potential (mV),Cells,Cell line (L)/primary cells (P),Human(H)/Animal(A) cells,"Cell age: embryonic (E), Adult (A)",Exposure time (h),% Cell viability
9,CuO,I,,52.51,3.47E-05,-39.67,A549,L,H,A,24,74.58716
10,CuO,I,,52.51,8.68E-05,-39.67,A549,L,H,A,24,66.055046
11,CuO,I,,52.51,0.0001735663079,-39.67,A549,L,H,A,24,48.16514
12,CuO,I,,52.51,3.47E-05,-39.67,A549,L,H,A,24,84.71387
13,CuO,I,,52.51,8.68E-05,-39.67,A549,L,H,A,24,68.67281
14,CuO,I,,52.51,0.0001735663079,-39.67,A549,L,H,A,24,45.37968
15,CuO,I,,239,3.68E-31,,HCMEC,P,H,A,12,98.8764
16,CuO,I,,239,3.68E-10,,HCMEC,P,H,A,12,96.62921
17,CuO,I,,239,3.68E-09,,HCMEC,P,H,A,12,96.62921
18,CuO,I,,239,3.68E-08,,HCMEC,P,H,A,12,98.8764
19,CuO,I,,239,1.84E-07,,HCMEC,P,H,A,12,84.26966
20,CuO,I,,239,3.68E-07,,HCMEC,P,H,A,12,65.16854
21,CuO,I,,239,7.36E-07,,HCMEC,P,H,A,12,46.067417
22,CuO,I,,239,1.84E-06,,HCMEC,P,H,A,12,16.853933
24,CuO,I,,239,3.68E-11,,HCMEC,P,H,A,24,96.62921
25,CuO,I,,239,3.68E-10,,HCMEC,P,H,A,24,100
26,CuO,I,,239,3.68E-09,,HCMEC,P,H,A,24,95.505615
27,CuO,I,,239,3.68E-08,,HCMEC,P,H,A,24,96.62921
28,CuO,I,,239,1.84E-07,,HCMEC,P,H,A,24,75.2809
29,CuO,I,,239,3.68E-07,,HCMEC,P,H,A,24,43.820225
30,CuO,I,,239,7.36E-07,,HCMEC,P,H,A,24,15.730337
31,CuO,I,,239,1.84E-06,,HCMEC,P,H,A,24,13.483146
32,CuO,I,,239,3.68E-06,,HCMEC,P,H,A,24,13.483146
33,CuO,I,,239,3.68E-11,,HCMEC,P,H,A,12,46.294353
34,CuO,I,,239,3.68E-10,,HCMEC,P,H,A,12,44.390324
35,CuO,I,,239,3.68E-09,,HCMEC,P,H,A,12,44.36371
36,CuO,I,,239,3.68E-08,,HCMEC,P,H,A,12,33.08468
37,CuO,I,,239,1.84E-07,,HCMEC,P,H,A,12,27.435486
38,CuO,I,,239,3.68E-07,,HCMEC,P,H,A,12,12.40403
39,CuO,I,,239,7.36E-07,,HCMEC,P,H,A,12,12.37742
40,CuO,I,,239,1.84E-06,,HCMEC,P,H,A,12,-6.40161
41,CuO,I,,239,3.68E-06,,HCMEC,P,H,A,12,-32.67822
42,CuO,I,,239,3.68E-11,,HCMEC,P,H,A,24,43.374195
43,CuO,I,,239,3.68E-10,,HCMEC,P,H,A,24,41.47016
44,CuO,I,,239,3.68E-09,,HCMEC,P,H,A,24,45.19597
45,CuO,I,,239,3.68E-08,,HCMEC,P,H,A,24,30.16451
46,CuO,I,,239,1.84E-07,,HCMEC,P,H,A,24,11.39032
47,CuO,I,,239,3.68E-07,,HCMEC,P,H,A,24,5.73629
48,CuO,I,,239,7.36E-07,,HCMEC,P,H,A,24,-1.79274
49,CuO,I,,239,1.84E-06,,HCMEC,P,H,A,24,-16.81935
50,CuO,I,,239,3.68E-06,,HCMEC,P,H,A,24,-37.47339
51,CuO,I,,33,0.001,,SH­SY5Y,L,H,A,48,34.999928
52,CuO,I,,33,0.1,,SH­SY5Y,L,H,A,48,32.006794
53,CuO,I,,33,1,,SH­SY5Y,L,H,A,48,37.407795
54,CuO,I,,33,10,,SH­SY5Y,L,H,A,48,41.71446
55,CuO,I,,33,100,,SH­SY5Y,L,H,A,48,-1.4239597
56,CuO,I,,33,0.001,,H4,L,H,A,48,71.82643
57,CuO,I,,33,0.1,,H4,L,H,A,48,59.056118
58,CuO,I,,33,1,,H4,L,H,A,48,68.19899
59,CuO,I,,33,10,,H4,L,H,A,48,38.425575
60,CuO,I,,33,100,,H4,L,H,A,48,-0.036262684
61,CuO,I,,33,0.001,,SH­SY5Y,L,H,A,48,97.65237
62,CuO,I,,33,0.1,,SH­SY5Y,L,H,A,48,98.91648
63,CuO,I,,33,1,,SH­SY5Y,L,H,A,48,97.65237
64,CuO,I,,33,10,,SH­SY5Y,L,H,A,48,89.75169
65,CuO,I,,33,100,,SH­SY5Y,L,H,A,48,41.083523
66,CuO,I,,33,0.001,,H4,L,H,A,48,98.284424
67,CuO,I,,33,0.1,,H4,L,H,A,48,98.60045
68,CuO,I,,33,1,,H4,L,H,A,48,97.33634
69,CuO,I,,33,10,,H4,L,H,A,48,90.06772
70,CuO,I,,33,100,,H4,L,H,A,48,60.6772
319,Iron oxide,I,Dextran,30,2.24E-06,,Monocytes,P,H,A,24,96.25
320,Iron oxide,I,Dextran,30,2.24E-06,,Monocytes,P,H,A,48,103.541664
321,Iron oxide,I,Dextran,30,2.24E-06,,Monocytes,P,H,A,72,90.416664
322,Iron oxide,I,Dextran,30,2.24E-05,,Monocytes,P,H,A,24,95.520836
323,Iron oxide,I,Dextran,30,2.24E-05,,Monocytes,P,H,A,48,102.8125
324,Iron oxide,I,Dextran,30,2.24E-05,,Monocytes,P,H,A,72,91.145836
325,Iron oxide,I,Dextran,30,0.0002241587953,,Monocytes,P,H,A,24,97.708336
326,Iron oxide,I,Dextran,30,0.0002241587953,,Monocytes,P,H,A,48,103.541664
327,Iron oxide,I,Dextran,30,0.0002241587953,,Monocytes,P,H,A,72,96.25
328,Iron oxide,I,Dextran,30,0.002241587953,,Monocytes,P,H,A,24,96.25
329,Iron oxide,I,Dextran,30,0.002241587953,,Monocytes,P,H,A,48,104.270836
330,Iron oxide,I,Dextran,30,0.002241587953,,Monocytes,P,H,A,72,94.791664
331,Iron oxide,I,Dextran,30,0.02241587953,,Monocytes,P,H,A,24,99.166664
332,Iron oxide,I,Dextran,30,0.02241587953,,Monocytes,P,H,A,48,107.1875
333,Iron oxide,I,Dextran,30,0.02241587953,,Monocytes,P,H,A,72,99.895836
334,Iron oxide,I,Dextran,30,0.2241587953,,Monocytes,P,H,A,24,74.375
335,Iron oxide,I,Dextran,30,0.2241587953,,Monocytes,P,H,A,48,74.375
336,Iron oxide,I,Dextran,30,0.2241587953,,Monocytes,P,H,A,72,86.041664
337,Iron oxide,I,Dextran,30,2.24E-06,,Monocytes,P,H,A,72,92.61745
338,Iron oxide,I,Dextran,30,2.24E-05,,Monocytes,P,H,A,72,93.42282
339,Iron oxide,I,Dextran,30,0.0002241587953,,Monocytes,P,H,A,72,90.20134
340,Iron oxide,I,Dextran,30,0.002241587953,,Monocytes,P,H,A,72,93.42282
341,Iron oxide,I,Dextran,30,0.02241587953,,Monocytes,P,H,A,72,87.78523
342,Iron oxide,I,Dextran,30,0.2241587953,,Monocytes,P,H,A,72,49.127518
343,Iron oxide,I,Dextran,30,0.008966351814,,Monocytes,P,H,A,24,93.12741
344,Iron oxide,I,Dextran,30,0.008966351814,,Monocytes,P,H,A,48,91.73745
345,Iron oxide,I,Dextran,30,0.008966351814,,Monocytes,P,H,A,72,95.90733
346,Iron oxide,I,Dextran,30,0.008966351814,,Monocytes,P,H,A,96,95.444016
347,Iron oxide,I,Dextran,30,0.008966351814,,Monocytes,L,H,A,168,93.59074
348,Iron oxide,I,Dextran,30,0.008966351814,,Monocytes,L,H,A,216,94.054054
349,Iron oxide,I,Dextran,30,0.008966351814,,Monocytes,L,H,A,336,82.47104
350,Iron oxide,I,PEI,145.8,3.05E-07,17.7,SH­SY5Y,L,H,A,72,89.08297
351,Iron oxide,I,PEI,145.8,6.10E-07,17.7,SH­SY5Y,L,H,A,72,117.90393
352,Iron oxide,I,PEI,145.8,1.22E-06,17.7,SH­SY5Y,L,H,A,72,136.24454
353,Iron oxide,I,PEI,145.8,2.44E-06,17.7,SH­SY5Y,L,H,A,72,124.89083
354,Iron oxide,I,PEI,145.8,4.88E-06,17.7,SH­SY5Y,L,H,A,72,119.65066
355,Iron oxide,I,PEI,145.8,3.05E-07,17.7,SH­SY5Y,L,H,A,72,112.66376
356,Iron oxide,I,PEI,145.8,6.10E-07,17.7,SH­SY5Y,L,H,A,72,157.20525
357,Iron oxide,I,PEI,145.8,1.22E-06,17.7,SH­SY5Y,L,H,A,72,169.43231
358,Iron oxide,I,PEI,145.8,2.44E-06,17.7,SH­SY5Y,L,H,A,72,179.0393
359,Iron oxide,I,PEI,145.8,4.88E-06,17.7,SH­SY5Y,L,H,A,72,144.1048
360,Iron oxide,I,PEI,145.8,3.05E-07,17.7,SH­SY5Y,L,H,A,72,138.86462
361,Iron oxide,I,PEI,145.8,6.10E-07,17.7,SH­SY5Y,L,H,A,72,119.65066
362,Iron oxide,I,PEI,145.8,1.22E-06,17.7,SH­SY5Y,L,H,A,72,68.12227
363,Iron oxide,I,PEI,145.8,2.44E-06,17.7,SH­SY5Y,L,H,A,72,48.9083
364,Iron oxide,I,PEI,145.8,4.88E-06,17.7,SH­SY5Y,L,H,A,72,26.200872
365,Iron oxide,I,PEI,145.8,3.05E-07,17.7,SH­SY5Y,L,H,A,72,62.00873
366,Iron oxide,I,PEI,145.8,6.10E-07,17.7,SH­SY5Y,L,H,A,72,41.9214
367,Iron oxide,I,PEI,145.8,1.22E-06,17.7,SH­SY5Y,L,H,A,72,32.31441
368,Iron oxide,I,PEI,145.8,2.44E-06,17.7,SH­SY5Y,L,H,A,72,23.580786
369,Iron oxide,I,PEI,145.8,4.88E-06,17.7,SH­SY5Y,L,H,A,72,14.847161
370,Iron oxide,I,PEI,145.8,3.05E-07,17.7,RAW 264.7,L,A,A,72,146.7742
371,Iron oxide,I,PEI,145.8,6.10E-07,17.7,RAW 264.7,L,A,A,72,129.83871
372,Iron oxide,I,PEI,145.8,1.22E-06,17.7,RAW 264.7,L,A,A,72,125
373,Iron oxide,I,PEI,145.8,2.44E-06,17.7,RAW 264.7,L,A,A,72,104.83871
374,Iron oxide,I,PEI,145.8,4.88E-06,17.7,RAW 264.7,L,A,A,72,100
375,Iron oxide,I,PEI,145.8,3.05E-07,17.7,RAW 264.7,L,A,A,72,104.83871
376,Iron oxide,I,PEI,145.8,6.10E-07,17.7,RAW 264.7,L,A,A,72,102.41936
377,Iron oxide,I,PEI,145.8,1.22E-06,17.7,RAW 264.7,L,A,A,72,99.19355
378,Iron oxide,I,PEI,145.8,2.44E-06,17.7,RAW 264.7,L,A,A,72,96.77419
379,Iron oxide,I,PEI,145.8,4.88E-06,17.7,RAW 264.7,L,A,A,72,100
380,Iron oxide,I,PEI,145.8,3.05E-07,17.7,RAW 264.7,L,A,A,72,131.45161
381,Iron oxide,I,PEI,145.8,6.10E-07,17.7,RAW 264.7,L,A,A,72,115.32258
382,Iron oxide,I,PEI,145.8,1.22E-06,17.7,RAW 264.7,L,A,A,72,106.451614
383,Iron oxide,I,PEI,145.8,2.44E-06,17.7,RAW 264.7,L,A,A,72,85.48387
384,Iron oxide,I,PEI,145.8,4.88E-06,17.7,RAW 264.7,L,A,A,72,58.064518
385,Iron oxide,I,PEI,145.8,3.05E-07,17.7,SH­SY5Y,L,H,A,24,82.850784
386,Iron oxide,I,PEI,145.8,6.10E-07,17.7,SH­SY5Y,L,H,A,24,67.31019
387,Iron oxide,I,PEI,145.8,1.22E-06,17.7,SH­SY5Y,L,H,A,24,56.04981
388,Iron oxide,I,PEI,145.8,2.44E-06,17.7,SH­SY5Y,L,H,A,24,42.64823
389,Iron oxide,I,PEI,145.8,4.88E-06,17.7,SH­SY5Y,L,H,A,24,39.943905
390,Iron oxide,I,PEI,145.8,3.05E-07,17.7,SH­SY5Y,L,H,A,72,60.188145
391,Iron oxide,I,PEI,145.8,6.10E-07,17.7,SH­SY5Y,L,H,A,72,40.906464
392,Iron oxide,I,PEI,145.8,1.22E-06,17.7,SH­SY5Y,L,H,A,72,31.248158
393,Iron oxide,I,PEI,145.8,2.44E-06,17.7,SH­SY5Y,L,H,A,72,22.661545
394,Iron oxide,I,PEI,145.8,4.88E-06,17.7,SH­SY5Y,L,H,A,72,13.54236
395,Iron oxide,I,PEI,145.8,3.05E-07,17.7,SH­SY5Y,L,H,A,120,42.340473
396,Iron oxide,I,PEI,145.8,6.10E-07,17.7,SH­SY5Y,L,H,A,120,32.684353
397,Iron oxide,I,PEI,145.8,1.22E-06,17.7,SH­SY5Y,L,H,A,120,24.09774
398,Iron oxide,I,PEI,145.8,2.44E-06,17.7,SH­SY5Y,L,H,A,120,20.32609
399,Iron oxide,I,PEI,145.8,4.88E-06,17.7,SH­SY5Y,L,H,A,120,10.665605
400,Iron oxide,I,PEI,145.8,3.05E-07,17.7,SH­SY5Y,L,H,A,168,38.93333
401,Iron oxide,I,PEI,145.8,6.10E-07,17.7,SH­SY5Y,L,H,A,168,27.670767
402,Iron oxide,I,PEI,145.8,1.22E-06,17.7,SH­SY5Y,L,H,A,168,19.618906
403,Iron oxide,I,PEI,145.8,2.44E-06,17.7,SH­SY5Y,L,H,A,168,14.238631
404,Iron oxide,I,PEI,145.8,4.88E-06,17.7,SH­SY5Y,L,H,A,168,0.8414183
405,Iron oxide,I,PEI,145.8,3.05E-07,17.7,RAW 264.7,L,A,A,24,98.2479
406,Iron oxide,I,PEI,145.8,6.10E-07,17.7,RAW 264.7,L,A,A,24,98.80087
407,Iron oxide,I,PEI,145.8,1.22E-06,17.7,RAW 264.7,L,A,A,24,81.53774
408,Iron oxide,I,PEI,145.8,2.44E-06,17.7,RAW 264.7,L,A,A,24,90.13358
409,Iron oxide,I,PEI,145.8,4.88E-06,17.7,RAW 264.7,L,A,A,24,82.64213
410,Iron oxide,I,PEI,145.8,3.05E-07,17.7,RAW 264.7,L,A,A,72,96.38087
411,Iron oxide,I,PEI,145.8,6.10E-07,17.7,RAW 264.7,L,A,A,72,84.86487
412,Iron oxide,I,PEI,145.8,1.22E-06,17.7,RAW 264.7,L,A,A,72,76.22088
413,Iron oxide,I,PEI,145.8,2.44E-06,17.7,RAW 264.7,L,A,A,72,75.62442
414,Iron oxide,I,PEI,145.8,4.88E-06,17.7,RAW 264.7,L,A,A,72,67.556694
415,Iron oxide,I,PEI,145.8,3.05E-07,17.7,RAW 264.7,L,A,A,120,92.78658
416,Iron oxide,I,PEI,145.8,6.10E-07,17.7,RAW 264.7,L,A,A,120,82.42156
417,Iron oxide,I,PEI,145.8,1.22E-06,17.7,RAW 264.7,L,A,A,120,77.225845
418,Iron oxide,I,PEI,145.8,2.44E-06,17.7,RAW 264.7,L,A,A,120,62.261574
419,Iron oxide,I,PEI,145.8,4.88E-06,17.7,RAW 264.7,L,A,A,120,63.3877
420,Iron oxide,I,PEI,145.8,3.05E-07,17.7,RAW 264.7,L,A,A,168,74.254425
421,Iron oxide,I,PEI,145.8,6.10E-07,17.7,RAW 264.7,L,A,A,168,68.484
422,Iron oxide,I,PEI,145.8,1.22E-06,17.7,RAW 264.7,L,A,A,168,59.84001
423,Iron oxide,I,PEI,145.8,2.44E-06,17.7,RAW 264.7,L,A,A,168,46.02516
424,Iron oxide,I,PEI,145.8,4.88E-06,17.7,RAW 264.7,L,A,A,168,39.68158
425,Iron oxide,I,PEI,145.8,3.05E-07,17.7,SH­SY5Y,L,H,A,1,88.389831
426,Iron oxide,I,PEI,145.8,6.10E-07,17.7,SH­SY5Y,L,H,A,1,88.389831
427,Iron oxide,I,PEI,145.8,1.22E-06,17.7,SH­SY5Y,L,H,A,1,88.389831
428,Iron oxide,I,PEI,145.8,2.44E-06,17.7,SH­SY5Y,L,H,A,1,88.389831
429,Iron oxide,I,PEI,145.8,4.88E-06,17.7,SH­SY5Y,L,H,A,1,87.118644
430,Iron oxide,I,PEI,145.8,3.05E-07,17.7,SH­SY5Y,L,H,A,4,75.254238
431,Iron oxide,I,PEI,145.8,6.10E-07,17.7,SH­SY5Y,L,H,A,4,76.949152
432,Iron oxide,I,PEI,145.8,1.22E-06,17.7,SH­SY5Y,L,H,A,4,78.220339
433,Iron oxide,I,PEI,145.8,2.44E-06,17.7,SH­SY5Y,L,H,A,4,77.79661
434,Iron oxide,I,PEI,145.8,4.88E-06,17.7,SH­SY5Y,L,H,A,4,75.677965
435,Iron oxide,I,PEI,145.8,3.05E-07,17.7,SH­SY5Y,L,H,A,24,66.77966
436,Iron oxide,I,PEI,145.8,6.10E-07,17.7,SH­SY5Y,L,H,A,24,65.932205
437,Iron oxide,I,PEI,145.8,1.22E-06,17.7,SH­SY5Y,L,H,A,24,65.932205
438,Iron oxide,I,PEI,145.8,2.44E-06,17.7,SH­SY5Y,L,H,A,24,64.23729
439,Iron oxide,I,PEI,145.8,4.88E-06,17.7,SH­SY5Y,L,H,A,24,57.457626
440,Iron oxide,I,PEI,145.8,3.05E-07,17.7,SH­SY5Y,L,H,A,72,53.64407
441,Iron oxide,I,PEI,145.8,6.10E-07,17.7,SH­SY5Y,L,H,A,72,48.559322
442,Iron oxide,I,PEI,145.8,1.22E-06,17.7,SH­SY5Y,L,H,A,72,49.74576
443,Iron oxide,I,PEI,145.8,2.44E-06,17.7,SH­SY5Y,L,H,A,72,49.83051
444,Iron oxide,I,PEI,145.8,4.88E-06,17.7,SH­SY5Y,L,H,A,72,47.288136
445,Iron oxide,I,PEI,145.8,3.05E-07,17.7,RAW 264.7,L,A,A,1,95.4700856
446,Iron oxide,I,PEI,145.8,6.10E-07,17.7,RAW 264.7,L,A,A,1,95.042735
447,Iron oxide,I,PEI,145.8,1.22E-06,17.7,RAW 264.7,L,A,A,1,95.042735
448,Iron oxide,I,PEI,145.8,2.44E-06,17.7,RAW 264.7,L,A,A,1,94.188034
449,Iron oxide,I,PEI,145.8,4.88E-06,17.7,RAW 264.7,L,A,A,1,94.188034
450,Iron oxide,I,PEI,145.8,3.05E-07,17.7,RAW 264.7,L,A,A,4,93.7606835
451,Iron oxide,I,PEI,145.8,6.10E-07,17.7,RAW 264.7,L,A,A,4,95.042735
452,Iron oxide,I,PEI,145.8,1.22E-06,17.7,RAW 264.7,L,A,A,4,95.4700856
453,Iron oxide,I,PEI,145.8,2.44E-06,17.7,RAW 264.7,L,A,A,4,95.042735
454,Iron oxide,I,PEI,145.8,4.88E-06,17.7,RAW 264.7,L,A,A,4,94.188034
455,Iron oxide,I,PEI,145.8,3.05E-07,17.7,RAW 264.7,L,A,A,24,93.7606835
456,Iron oxide,I,PEI,145.8,6.10E-07,17.7,RAW 264.7,L,A,A,24,94.188034
457,Iron oxide,I,PEI,145.8,1.22E-06,17.7,RAW 264.7,L,A,A,24,94.188034
458,Iron oxide,I,PEI,145.8,2.44E-06,17.7,RAW 264.7,L,A,A,24,94.188034
459,Iron oxide,I,PEI,145.8,4.88E-06,17.7,RAW 264.7,L,A,A,24,94.6153846
460,Iron oxide,I,PEI,145.8,3.05E-07,17.7,RAW 264.7,L,A,A,72,93.7606835
461,Iron oxide,I,PEI,145.8,6.10E-07,17.7,RAW 264.7,L,A,A,72,93.7606835
462,Iron oxide,I,PEI,145.8,1.22E-06,17.7,RAW 264.7,L,A,A,72,93.7606835
463,Iron oxide,I,PEI,145.8,2.44E-06,17.7,RAW 264.7,L,A,A,72,92.4786325
464,Iron oxide,I,PEI,145.8,4.88E-06,17.7,RAW 264.7,L,A,A,72,92.4786325
465,Iron oxide,I,PEG to the PEI,361.4,2.00E-08,12.1,SH­SY5Y,L,H,A,72,95.91124
466,Iron oxide,I,PEG to the PEI,361.4,4.01E-08,12.1,SH­SY5Y,L,H,A,72,101.437775
467,Iron oxide,I,PEG to the PEI,361.4,8.01E-08,12.1,SH­SY5Y,L,H,A,72,114.38183
468,Iron oxide,I,PEG to the PEI,361.4,1.60E-07,12.1,SH­SY5Y,L,H,A,72,162.86815
469,Iron oxide,I,PEG to the PEI,361.4,3.21E-07,12.1,SH­SY5Y,L,H,A,72,163.80347
470,Iron oxide,I,PEG to the PEI,361.4,2.00E-08,12.1,SH­SY5Y,L,H,A,72,240.88625
471,Iron oxide,I,PEG to the PEI,361.4,4.01E-08,12.1,SH­SY5Y,L,H,A,72,248.2997
472,Iron oxide,I,PEG to the PEI,361.4,8.01E-08,12.1,SH­SY5Y,L,H,A,72,323.37766
473,Iron oxide,I,PEG to the PEI,361.4,1.60E-07,12.1,SH­SY5Y,L,H,A,72,401.9854
474,Iron oxide,I,PEG to the PEI,361.4,3.21E-07,12.1,SH­SY5Y,L,H,A,72,404.8117
475,Iron oxide,I,PEG to the PEI,361.4,2.00E-08,12.1,SH­SY5Y,L,H,A,72,103.43855
476,Iron oxide,I,PEG to the PEI,361.4,4.01E-08,12.1,SH­SY5Y,L,H,A,72,88.25786
477,Iron oxide,I,PEG to the PEI,361.4,8.01E-08,12.1,SH­SY5Y,L,H,A,72,63.54501
478,Iron oxide,I,PEG to the PEI,361.4,1.60E-07,12.1,SH­SY5Y,L,H,A,72,21.650686
479,Iron oxide,I,PEG to the PEI,361.4,3.21E-07,12.1,SH­SY5Y,L,H,A,72,24.476988
480,Iron oxide,I,PEG to the PEI,361.4,2.00E-08,12.1,RAW 264.7,L,A,A,72,100.04899
481,Iron oxide,I,PEG to the PEI,361.4,4.01E-08,12.1,RAW 264.7,L,A,A,72,93.75041
482,Iron oxide,I,PEG to the PEI,361.4,8.01E-08,12.1,RAW 264.7,L,A,A,72,85.119865
483,Iron oxide,I,PEG to the PEI,361.4,1.60E-07,12.1,RAW 264.7,L,A,A,72,100.39683
484,Iron oxide,I,PEG to the PEI,361.4,3.21E-07,12.1,RAW 264.7,L,A,A,72,129.36508
485,Iron oxide,I,PEG to the PEI,361.4,2.00E-08,12.1,RAW 264.7,L,A,A,72,104.809265
486,Iron oxide,I,PEG to the PEI,361.4,4.01E-08,12.1,RAW 264.7,L,A,A,72,110.41544
487,Iron oxide,I,PEG to the PEI,361.4,8.01E-08,12.1,RAW 264.7,L,A,A,72,115.27696
488,Iron oxide,I,PEG to the PEI,361.4,1.60E-07,12.1,RAW 264.7,L,A,A,72,108.333336
489,Iron oxide,I,PEG to the PEI,361.4,3.21E-07,12.1,RAW 264.7,L,A,A,72,107.93651
490,Iron oxide,I,PEG to the PEI,361.4,2.00E-08,12.1,RAW 264.7,L,A,A,72,96.080734
491,Iron oxide,I,PEG to the PEI,361.4,4.01E-08,12.1,RAW 264.7,L,A,A,72,86.60592
492,Iron oxide,I,PEG to the PEI,361.4,8.01E-08,12.1,RAW 264.7,L,A,A,72,75.59442
493,Iron oxide,I,PEG to the PEI,361.4,1.60E-07,12.1,RAW 264.7,L,A,A,72,73.4127
494,Iron oxide,I,PEG to the PEI,361.4,3.21E-07,12.1,RAW 264.7,L,A,A,72,73.809525
495,Iron oxide,I,PEG to the PEI,361.4,2.00E-08,12.1,SH­SY5Y,L,H,A,24,95.480225
496,Iron oxide,I,PEG to the PEI,361.4,4.01E-08,12.1,SH­SY5Y,L,H,A,24,64.40678
497,Iron oxide,I,PEG to the PEI,361.4,8.01E-08,12.1,SH­SY5Y,L,H,A,24,57.062145
498,Iron oxide,I,PEG to the PEI,361.4,1.60E-07,12.1,SH­SY5Y,L,H,A,24,56.497173
499,Iron oxide,I,PEG to the PEI,361.4,3.21E-07,12.1,SH­SY5Y,L,H,A,24,55.932205
500,Iron oxide,I,PEG to the PEI,361.4,2.00E-08,12.1,SH­SY5Y,L,H,A,72,61.01695
501,Iron oxide,I,PEG to the PEI,361.4,4.01E-08,12.1,SH­SY5Y,L,H,A,72,37.288136
502,Iron oxide,I,PEG to the PEI,361.4,8.01E-08,12.1,SH­SY5Y,L,H,A,72,23.728813
503,Iron oxide,I,PEG to the PEI,361.4,1.60E-07,12.1,SH­SY5Y,L,H,A,72,13.559322
504,Iron oxide,I,PEG to the PEI,361.4,3.21E-07,12.1,SH­SY5Y,L,H,A,72,2.8248587
505,Iron oxide,I,PEG to the PEI,361.4,2.00E-08,12.1,SH­SY5Y,L,H,A,120,56.497173
506,Iron oxide,I,PEG to the PEI,361.4,4.01E-08,12.1,SH­SY5Y,L,H,A,120,33.898304
507,Iron oxide,I,PEG to the PEI,361.4,8.01E-08,12.1,SH­SY5Y,L,H,A,120,17.514124
508,Iron oxide,I,PEG to the PEI,361.4,1.60E-07,12.1,SH­SY5Y,L,H,A,120,10.169492
509,Iron oxide,I,PEG to the PEI,361.4,3.21E-07,12.1,SH­SY5Y,L,H,A,120,3.9548023
510,Iron oxide,I,PEG to the PEI,361.4,2.00E-08,12.1,SH­SY5Y,L,H,A,168,38.41808
511,Iron oxide,I,PEG to the PEI,361.4,4.01E-08,12.1,SH­SY5Y,L,H,A,168,28.248587
512,Iron oxide,I,PEG to the PEI,361.4,8.01E-08,12.1,SH­SY5Y,L,H,A,168,14.124293
513,Iron oxide,I,PEG to the PEI,361.4,1.60E-07,12.1,SH­SY5Y,L,H,A,168,0
514,Iron oxide,I,PEG to the PEI,361.4,3.21E-07,12.1,SH­SY5Y,L,H,A,168,0
515,Iron oxide,I,PEG to the PEI,361.4,2.00E-08,12.1,RAW 264.7,L,A,A,24,100.568184
516,Iron oxide,I,PEG to the PEI,361.4,4.01E-08,12.1,RAW 264.7,L,A,A,24,84.09091
517,Iron oxide,I,PEG to the PEI,361.4,8.01E-08,12.1,RAW 264.7,L,A,A,24,83.52273
518,Iron oxide,I,PEG to the PEI,361.4,1.60E-07,12.1,RAW 264.7,L,A,A,24,79.545456
519,Iron oxide,I,PEG to the PEI,361.4,3.21E-07,12.1,RAW 264.7,L,A,A,24,55.68182
520,Iron oxide,I,PEG to the PEI,361.4,2.00E-08,12.1,RAW 264.7,L,A,A,72,98.86364
521,Iron oxide,I,PEG to the PEI,361.4,4.01E-08,12.1,RAW 264.7,L,A,A,72,86.36364
522,Iron oxide,I,PEG to the PEI,361.4,8.01E-08,12.1,RAW 264.7,L,A,A,72,82.954544
523,Iron oxide,I,PEG to the PEI,361.4,1.60E-07,12.1,RAW 264.7,L,A,A,72,60.795456
524,Iron oxide,I,PEG to the PEI,361.4,3.21E-07,12.1,RAW 264.7,L,A,A,72,55.113636
525,Iron oxide,I,PEG to the PEI,361.4,2.00E-08,12.1,RAW 264.7,L,A,A,120,92.61364
526,Iron oxide,I,PEG to the PEI,361.4,4.01E-08,12.1,RAW 264.7,L,A,A,120,75.568184
527,Iron oxide,I,PEG to the PEI,361.4,8.01E-08,12.1,RAW 264.7,L,A,A,120,74.431816
528,Iron oxide,I,PEG to the PEI,361.4,1.60E-07,12.1,RAW 264.7,L,A,A,120,53.409092
529,Iron oxide,I,PEG to the PEI,361.4,3.21E-07,12.1,RAW 264.7,L,A,A,120,43.75
530,Iron oxide,I,PEG to the PEI,361.4,2.00E-08,12.1,RAW 264.7,L,A,A,168,69.88636
531,Iron oxide,I,PEG to the PEI,361.4,4.01E-08,12.1,RAW 264.7,L,A,A,168,61.93182
532,Iron oxide,I,PEG to the PEI,361.4,8.01E-08,12.1,RAW 264.7,L,A,A,168,55.113636
533,Iron oxide,I,PEG to the PEI,361.4,1.60E-07,12.1,RAW 264.7,L,A,A,168,50.56818
534,Iron oxide,I,PEG to the PEI,361.4,3.21E-07,12.1,RAW 264.7,L,A,A,168,32.954544
535,Iron oxide,I,PEG to the PEI,361.4,2.00E-08,12.1,SH­SY5Y,L,H,A,1,92.11166
536,Iron oxide,I,PEG to the PEI,361.4,4.01E-08,12.1,SH­SY5Y,L,H,A,1,92.1278825
537,Iron oxide,I,PEG to the PEI,361.4,8.01E-08,12.1,SH­SY5Y,L,H,A,1,92.141609
538,Iron oxide,I,PEG to the PEI,361.4,1.60E-07,12.1,SH­SY5Y,L,H,A,1,90.741489
539,Iron oxide,I,PEG to the PEI,361.4,3.21E-07,12.1,SH­SY5Y,L,H,A,1,91.701108
540,Iron oxide,I,PEG to the PEI,361.4,2.00E-08,12.1,SH­SY5Y,L,H,A,4,93.644055
541,Iron oxide,I,PEG to the PEI,361.4,4.01E-08,12.1,SH­SY5Y,L,H,A,4,93.6590295
542,Iron oxide,I,PEG to the PEI,361.4,8.01E-08,12.1,SH­SY5Y,L,H,A,4,95.0878506
543,Iron oxide,I,PEG to the PEI,361.4,1.60E-07,12.1,SH­SY5Y,L,H,A,4,95.105321
544,Iron oxide,I,PEG to the PEI,361.4,3.21E-07,12.1,SH­SY5Y,L,H,A,4,91.820905
545,Iron oxide,I,PEG to the PEI,361.4,2.00E-08,12.1,SH­SY5Y,L,H,A,24,96.122342
546,Iron oxide,I,PEG to the PEI,361.4,4.01E-08,12.1,SH­SY5Y,L,H,A,24,97.551163
547,Iron oxide,I,PEG to the PEI,361.4,8.01E-08,12.1,SH­SY5Y,L,H,A,24,96.152291
548,Iron oxide,I,PEG to the PEI,361.4,1.60E-07,12.1,SH­SY5Y,L,H,A,24,94.7521715
549,Iron oxide,I,PEG to the PEI,361.4,3.21E-07,12.1,SH­SY5Y,L,H,A,24,85.335679
550,Iron oxide,I,PEG to the PEI,361.4,2.00E-08,12.1,SH­SY5Y,L,H,A,72,23.12519
551,Iron oxide,I,PEG to the PEI,361.4,4.01E-08,12.1,SH­SY5Y,L,H,A,72,23.14016
552,Iron oxide,I,PEG to the PEI,361.4,8.01E-08,12.1,SH­SY5Y,L,H,A,72,28.81801
553,Iron oxide,I,PEG to the PEI,361.4,1.60E-07,12.1,SH­SY5Y,L,H,A,72,38.266945
554,Iron oxide,I,PEG to the PEI,361.4,3.21E-07,12.1,SH­SY5Y,L,H,A,72,34.50958
555,Iron oxide,I,PEG to the PEI,361.4,2.00E-08,12.1,RAW 264.7,L,A,A,1,94.855769
556,Iron oxide,I,PEG to the PEI,361.4,4.01E-08,12.1,RAW 264.7,L,A,A,1,93.9800825
557,Iron oxide,I,PEG to the PEI,361.4,8.01E-08,12.1,RAW 264.7,L,A,A,1,93.995932
558,Iron oxide,I,PEG to the PEI,361.4,1.60E-07,12.1,RAW 264.7,L,A,A,1,93.116283
559,Iron oxide,I,PEG to the PEI,361.4,3.21E-07,12.1,RAW 264.7,L,A,A,1,93.133453
560,Iron oxide,I,PEG to the PEI,361.4,2.00E-08,12.1,RAW 264.7,L,A,A,4,93.6327133
561,Iron oxide,I,PEG to the PEI,361.4,4.01E-08,12.1,RAW 264.7,L,A,A,4,93.199493
562,Iron oxide,I,PEG to the PEI,361.4,8.01E-08,12.1,RAW 264.7,L,A,A,4,94.1095204
563,Iron oxide,I,PEG to the PEI,361.4,1.60E-07,12.1,RAW 264.7,L,A,A,4,92.787405
564,Iron oxide,I,PEG to the PEI,361.4,3.21E-07,12.1,RAW 264.7,L,A,A,4,96.3720415
565,Iron oxide,I,PEG to the PEI,361.4,2.00E-08,12.1,RAW 264.7,L,A,A,24,93.301194
566,Iron oxide,I,PEG to the PEI,361.4,4.01E-08,12.1,RAW 264.7,L,A,A,24,92.869294
567,Iron oxide,I,PEG to the PEI,361.4,8.01E-08,12.1,RAW 264.7,L,A,A,24,92.436074
568,Iron oxide,I,PEG to the PEI,361.4,1.60E-07,12.1,RAW 264.7,L,A,A,24,91.113958
569,Iron oxide,I,PEG to the PEI,361.4,3.21E-07,12.1,RAW 264.7,L,A,A,24,91.132449
570,Iron oxide,I,PEG to the PEI,361.4,2.00E-08,12.1,RAW 264.7,L,A,A,72,88.05896
571,Iron oxide,I,PEG to the PEI,361.4,4.01E-08,12.1,RAW 264.7,L,A,A,72,88.072168
572,Iron oxide,I,PEG to the PEI,361.4,8.01E-08,12.1,RAW 264.7,L,A,A,72,89.871091
573,Iron oxide,I,PEG to the PEI,361.4,1.60E-07,12.1,RAW 264.7,L,A,A,72,90.333368
574,Iron oxide,I,PEG to the PEI,361.4,3.21E-07,12.1,RAW 264.7,L,A,A,72,91.689825
575,Iron oxide,I,PEG,16,0.002955218493,,HMEC­1,L,H,E,24,109.81651
576,Iron oxide,I,PEG,16,0.002955218493,,HMEC­1,L,H,E,72,111.48148
577,Iron oxide,I,PEG-NH2,16,0.002955218493,,HMEC­1,L,H,E,24,86.69725
578,Iron oxide,I,PEG-NH2,16,0.002955218493,,HMEC­1,L,H,E,72,79.07407
579,Iron oxide,I,,957,6.91E-13,,HCMEC,P,H,A,12,94.38202
580,Iron oxide,I,,957,6.91E-12,,HCMEC,P,H,A,12,94.38202
581,Iron oxide,I,,957,6.91E-11,,HCMEC,P,H,A,12,96.62921
582,Iron oxide,I,,957,6.91E-10,,HCMEC,P,H,A,12,96.62921
583,Iron oxide,I,,957,3.45E-09,,HCMEC,P,H,A,12,100
584,Iron oxide,I,,957,6.91E-09,,HCMEC,P,H,A,12,98.8764
585,Iron oxide,I,,957,1.38E-08,,HCMEC,P,H,A,12,97.75281
586,Iron oxide,I,,957,3.45E-08,,HCMEC,P,H,A,12,97.75281
587,Iron oxide,I,,957,6.91E-08,,HCMEC,P,H,A,12,95.505615
588,Iron oxide,I,,957,6.91E-13,,HCMEC,P,H,A,24,96.62921
589,Iron oxide,I,,957,6.91E-12,,HCMEC,P,H,A,24,97.75281
590,Iron oxide,I,,957,6.91E-11,,HCMEC,P,H,A,24,97.75281
591,Iron oxide,I,,957,6.91E-10,,HCMEC,P,H,A,24,93.25843
592,Iron oxide,I,,957,3.45E-09,,HCMEC,P,H,A,24,88.764046
593,Iron oxide,I,,957,6.91E-09,,HCMEC,P,H,A,24,89.88764
594,Iron oxide,I,,957,1.38E-08,,HCMEC,P,H,A,24,92.134834
595,Iron oxide,I,,957,3.45E-08,,HCMEC,P,H,A,24,92.134834
596,Iron oxide,I,,957,6.91E-08,,HCMEC,P,H,A,24,89.88764
597,Iron oxide,I,,957,6.91E-13,,HCMEC,P,H,A,12,95.4905033
598,Iron oxide,I,,957,6.91E-12,,HCMEC,P,H,A,12,99.20229125
599,Iron oxide,I,,957,6.91E-11,,HCMEC,P,H,A,12,95.435032
600,Iron oxide,I,,957,6.91E-10,,HCMEC,P,H,A,12,95.40609
601,Iron oxide,I,,957,3.45E-09,,HCMEC,P,H,A,12,87.905336
602,Iron oxide,I,,957,6.91E-09,,HCMEC,P,H,A,12,87.873982
603,Iron oxide,I,,957,1.38E-08,,HCMEC,P,H,A,12,85.978293
604,Iron oxide,I,,957,3.45E-08,,HCMEC,P,H,A,12,91.55924
605,Iron oxide,I,,957,6.91E-08,,HCMEC,P,H,A,12,87.791981
606,Iron oxide,I,,957,6.91E-13,,HCMEC,P,H,A,24,98.1869159
607,Iron oxide,I,,957,6.91E-12,,HCMEC,P,H,A,24,98.1579741
608,Iron oxide,I,,957,6.91E-11,,HCMEC,P,H,A,24,94.3931265
609,Iron oxide,I,,957,6.91E-10,,HCMEC,P,H,A,24,86.889961
610,Iron oxide,I,,957,3.45E-09,,HCMEC,P,H,A,24,86.861019
611,Iron oxide,I,,957,6.91E-09,,HCMEC,P,H,A,24,86.832077
612,Iron oxide,I,,957,1.38E-08,,HCMEC,P,H,A,24,83.069641
613,Iron oxide,I,,957,3.45E-08,,HCMEC,P,H,A,24,84.909859
614,Iron oxide,I,,957,6.91E-08,,HCMEC,P,H,A,24,83.01417
615,Iron oxide,I,,196.4,7.99E-08,,A549,L,H,A,24,96.346596
616,Iron oxide,I,,196.4,7.99E-08,,A549,L,H,A,72,95.28805
617,Iron oxide,I,,196.4,7.99E-07,,A549,L,H,A,24,95.04239
618,Iron oxide,I,,196.4,7.99E-07,,A549,L,H,A,72,91.270515
619,Iron oxide,I,,196.4,7.99E-06,,A549,L,H,A,24,93.7379
620,Iron oxide,I,,196.4,7.99E-06,,A549,L,H,A,72,88.29703
621,Iron oxide,I,,196.4,7.99E-08,,A549,L,H,A,24,97.32284
622,Iron oxide,I,,196.4,7.99E-07,,A549,L,H,A,24,91.02362
623,Iron oxide,I,,196.4,7.99E-06,,A549,L,H,A,24,-58.89764
624,Iron oxide,I,,196.4,7.99E-08,,A549,L,H,A,24,99.49775452
625,Iron oxide,I,,196.4,7.99E-07,,A549,L,H,A,24,99.48388338
626,Iron oxide,I,,196.4,7.99E-06,,A549,L,H,A,24,98.21391782
627,Iron oxide,I,BSA,12,0.1751240589,,HeLa,L,H,A,6,116.68046
628,Iron oxide,I,BSA,12,0.3502481177,,HeLa,L,H,A,6,125.76342
629,Iron oxide,I,BSA,12,0.7004962355,,HeLa,L,H,A,6,118.42655
630,Iron oxide,I,BSA,12,1.400992471,,HeLa,L,H,A,6,106.33531
631,Iron oxide,I,BSA,12,2.801984942,,HeLa,L,H,A,6,60.540848
632,Iron oxide,I,BSA,12,0.1751240589,,MEF,L,A,E,6,95.12975
633,Iron oxide,I,BSA,12,0.3502481177,,MEF,L,A,E,6,97.29847
634,Iron oxide,I,BSA,12,0.7004962355,,MEF,L,A,E,6,100.33076
635,Iron oxide,I,BSA,12,1.400992471,,MEF,L,A,E,6,83.9204
636,Iron oxide,I,BSA,12,2.801984942,,MEF,L,A,E,6,52.38526
637,Iron oxide,I,BSA,12,0.1751240589,,HepG2,L,H,A,6,80.49265
638,Iron oxide,I,BSA,12,0.3502481177,,HepG2,L,H,A,6,86.55028
639,Iron oxide,I,BSA,12,0.7004962355,,HepG2,L,H,A,6,79.64488
640,Iron oxide,I,BSA,12,1.400992471,,HepG2,L,H,A,6,75.76418
641,Iron oxide,I,BSA,12,2.801984942,,HepG2,L,H,A,6,38.179634
642,Iron oxide,I,BSA,12,0.1751240589,,GH3,L,A,A,6,99.99025
643,Iron oxide,I,BSA,12,0.3502481177,,GH3,L,A,A,6,108.20964
644,Iron oxide,I,BSA,12,0.7004962355,,GH3,L,A,A,6,114.267265
645,Iron oxide,I,BSA,12,1.400992471,,GH3,L,A,A,6,97.42418
646,Iron oxide,I,BSA,12,2.801984942,,GH3,L,A,A,6,54.22169
647,Iron oxide,I,BSA,12,0.1751240589,,MCF7,L,H,A,6,106.52736
648,Iron oxide,I,BSA,12,0.3502481177,,MCF7,L,H,A,6,101.78246
649,Iron oxide,I,BSA,12,0.7004962355,,MCF7,L,H,A,6,105.678314
650,Iron oxide,I,BSA,12,1.400992471,,MCF7,L,H,A,6,100.06985
651,Iron oxide,I,BSA,12,2.801984942,,MCF7,L,H,A,6,47.361145
652,Iron oxide,I,BSA,12,0.1751240589,,CDBgeo,L,A,A,6,95.7779
653,Iron oxide,I,BSA,12,0.3502481177,,CDBgeo,L,A,A,6,98.81082
654,Iron oxide,I,BSA,12,0.7004962355,,CDBgeo,L,A,A,6,97.954834
655,Iron oxide,I,BSA,12,1.400992471,,CDBgeo,L,A,A,6,92.77783
656,Iron oxide,I,BSA,12,2.801984942,,CDBgeo,L,A,A,6,27.53884
657,Iron oxide,I,BSA,12,0.1751240589,,TD,L,A,A,6,100.5866
658,Iron oxide,I,BSA,12,0.3502481177,,TD,L,A,A,6,104.91329
659,Iron oxide,I,BSA,12,0.7004962355,,TD,L,A,A,6,100.16903
660,Iron oxide,I,BSA,12,1.400992471,,TD,L,A,A,6,98.01674
661,Iron oxide,I,BSA,12,2.801984942,,TD,L,A,A,6,56.110554
662,Iron oxide,I,BSA,12,0.1751240589,,V14,L,A,A,6,98.91
663,Iron oxide,I,BSA,12,0.3502481177,,V14,L,A,A,6,100.214516
664,Iron oxide,I,BSA,12,0.7004962355,,V14,L,A,A,6,95.038155
665,Iron oxide,I,BSA,12,1.400992471,,V14,L,A,A,6,91.15683
666,Iron oxide,I,BSA,12,2.801984942,,V14,L,A,A,6,65.6711
667,Iron oxide,I,alginate,30,0.002241587953,,PAECs,P,A,A,12,125
668,Iron oxide,I,alginate,30,0.002241587953,,PAECs,P,A,A,36,104.96454
669,Iron oxide,I,alginate,30,0.002241587953,,PAECs,P,A,A,60,96.4539
670,Iron oxide,I,alginate,30,0.02241587953,,PAECs,P,A,A,12,97.87234
671,Iron oxide,I,alginate,30,0.02241587953,,PAECs,P,A,A,36,81.56029
672,Iron oxide,I,alginate,30,0.02241587953,,PAECs,P,A,A,60,74.11347
673,Iron oxide,I,alginate,30,0.02241587953,,PAECs,P,A,A,24,84.69324
674,Iron oxide,I,alginate,30,0.02241587953,,PAECs,P,A,A,48,74.03898
675,Iron oxide,I,alginate,30,0.02241587953,,PAECs,P,A,A,72,67.576324
676,Iron oxide,I,alginate,30,0.02241587953,,PAECs,P,A,A,96,68.59861
677,Iron oxide,I,alginate,30,0.02241587953,,PAECs,P,A,A,144,64.980354
678,Iron oxide,I,,14,0.1102822062,,A549,L,H,A,48,63.070538
679,Iron oxide,I,,14,0.1102822062,,MCF7,L,H,A,48,73.029045
680,Iron oxide,I,,14,0.1102822062,,T98G,L,H,A,48,76.34855
681,Iron oxide,I,,14,0.1102822062,,A549,L,H,A,96,81.47948
682,Iron oxide,I,,14,0.1102822062,,MCF7,L,H,A,96,97.015015
683,Iron oxide,I,,14,0.1102822062,,T98G,L,H,A,96,93.21722
684,Iron oxide,I,COOH,20,0.0005,,HeLa,L,H,A,24,99.803925
685,Iron oxide,I,COOH,20,0.005,,HeLa,L,H,A,24,92.54902
686,Iron oxide,I,COOH,20,0.05,,HeLa,L,H,A,24,88.039215
687,Iron oxide,I,COOH,20,0.0005,,MG­63,L,H,A,24,98.43137
688,Iron oxide,I,COOH,20,0.005,,MG­63,L,H,A,24,91.56863
689,Iron oxide,I,COOH,20,0.05,,MG­63,L,H,A,24,82.15686
690,Iron oxide,I,NH2,20,0.0005,,HeLa,L,H,A,24,98.24219
691,Iron oxide,I,NH2,20,0.005,,HeLa,L,H,A,24,90.625
692,Iron oxide,I,NH2,20,0.05,,HeLa,L,H,A,24,79.296875
693,Iron oxide,I,NH2,20,0.0005,,MG­63,L,H,A,24,99.80469
694,Iron oxide,I,NH2,20,0.005,,MG­63,L,H,A,24,94.72656
695,Iron oxide,I,NH2,20,0.05,,MG­63,L,H,A,24,88.671875
696,Iron oxide,I,,12.5,0.01549385593,,hTERT­BJ1,L,H,A,24,97.3923
697,Iron oxide,I,,12.5,0.03098771187,,hTERT­BJ1,L,H,A,25,84.941284
698,Iron oxide,I,,12.5,0.07746927967,,hTERT­BJ1,L,H,A,26,72.867615
699,Iron oxide,I,,12.5,0.1549385593,,hTERT­BJ1,L,H,A,27,67.59135
700,Iron oxide,I,,12.5,0.3098771187,,hTERT­BJ1,L,H,A,28,49.814953
701,Iron oxide,I,PEG,45,0.0003320871042,,hTERT­BJ1,L,H,A,29,138.72183
702,Iron oxide,I,PEG,45,0.0006641742084,,hTERT­BJ1,L,H,A,30,131.8888
703,Iron oxide,I,PEG,45,0.001660435521,,hTERT­BJ1,L,H,A,31,128.6427
704,Iron oxide,I,PEG,45,0.003320871042,,hTERT­BJ1,L,H,A,32,127.77892
705,Iron oxide,I,PEG,45,0.006641742084,,hTERT­BJ1,L,H,A,33,113.213425
706,Iron oxide,I,dimercaptosuccinic,8.5,150,,PC12,L,A,A,48,69
707,Iron oxide,I,dimercaptosuccinic,8.5,150,,PC12,L,A,A,48,95.45
708,Iron oxide,I,dimercaptosuccinic,8.5,150,,PC12,L,A,A,48,90.26
709,Iron oxide,I,dimercaptosuccinic,8.5,1500,,PC12,L,A,A,96,74.53416149
710,Iron oxide,I,dimercaptosuccinic,8.5,1500,,PC12,L,A,A,96,73.37662338
711,Iron oxide,I,dimercaptosuccinic,8.5,1500,,PC12,L,A,A,96,70.77922078
712,Iron oxide,I,dimercaptosuccinic,8.5,15000,,PC12,L,A,A,144,18.63354037
713,Iron oxide,I,dimercaptosuccinic,8.5,15000,,PC12,L,A,A,144,4.545454545
714,Iron oxide,I,dimercaptosuccinic,8.5,15000,,PC12,L,A,A,144,11.68831169
715,Iron oxide,I,,13.5,0.001,,SH­SY5Y,L,H,A,48,84.26982
716,Iron oxide,I,,13.5,0.1,,SH­SY5Y,L,H,A,48,82.371574
717,Iron oxide,I,,13.5,1,,SH­SY5Y,L,H,A,48,61.130886
718,Iron oxide,I,,13.5,10,,SH­SY5Y,L,H,A,48,69.08662
719,Iron oxide,I,,13.5,100,,SH­SY5Y,L,H,A,48,78.13834
720,Iron oxide,I,,13.5,0.001,,H4,L,H,A,48,101.673546
721,Iron oxide,I,,13.5,0.1,,H4,L,H,A,48,93.43899
722,Iron oxide,I,,13.5,1,,H4,L,H,A,48,87.846344
723,Iron oxide,I,,13.5,10,,H4,L,H,A,48,84.520706
724,Iron oxide,I,,13.5,100,,H4,L,H,A,48,86.864334
725,Iron oxide,I,,13.5,0.001,,SH­SY5Y,L,H,A,48,97.64653
726,Iron oxide,I,,13.5,0.1,,SH­SY5Y,L,H,A,48,98.492836
727,Iron oxide,I,,13.5,1,,SH­SY5Y,L,H,A,48,96.617325
728,Iron oxide,I,,13.5,10,,SH­SY5Y,L,H,A,48,99.58113
729,Iron oxide,I,,13.5,100,,SH­SY5Y,L,H,A,48,98.008865
730,Iron oxide,I,,13.5,0.001,,H4,L,H,A,48,100.04773
731,Iron oxide,I,,13.5,0.1,,H4,L,H,A,48,99.98777
732,Iron oxide,I,,13.5,1,,H4,L,H,A,48,99.92608
733,Iron oxide,I,,13.5,10,,H4,L,H,A,48,98.65619
734,Iron oxide,I,,13.5,100,,H4,L,H,A,48,99.80574
735,Iron oxide,I,PEG,120,0.0002801984942,,VERO,L,A,A,24,76.6265
736,Iron oxide,I,PEG,120,0.0008377934976,,VERO,L,A,A,24,71.56626
737,Iron oxide,I,PEG,120,0.0008405954825,,VERO,L,A,A,24,44.096386
738,Iron oxide,I,PEG,120,0.001120793977,,VERO,L,A,A,24,31.084337
739,Iron oxide,I,PEG,120,0.001400992471,,VERO,L,A,A,24,27.46988
740,Iron oxide,I,PEG,120,0.0002801984942,,MDCK,L,A,A,24,99.13043
741,Iron oxide,I,PEG,120,0.0008377934976,,MDCK,L,A,A,24,113.04348
742,Iron oxide,I,PEG,120,0.0008405954825,,MDCK,L,A,A,24,113.04348
743,Iron oxide,I,PEG,120,0.001120793977,,MDCK,L,A,A,24,97.391304
744,Iron oxide,I,PEG,120,0.001400992471,,MDCK,L,A,A,24,116.521736
745,Iron oxide,I,Dextran,170,9.86E-05,,VERO,L,A,A,24,100.481926
746,Iron oxide,I,Dextran,170,0.0002946686676,,VERO,L,A,A,24,104.09638
747,Iron oxide,I,Dextran,170,0.0002956541815,,VERO,L,A,A,24,98.313255
748,Iron oxide,I,Dextran,170,0.0003942055754,,VERO,L,A,A,24,98.313255
749,Iron oxide,I,Dextran,170,0.0004927569692,,VERO,L,A,A,24,76.6265
750,Iron oxide,I,Dextran,170,9.86E-05,,MDCK,L,A,A,24,86.95652
751,Iron oxide,I,Dextran,170,0.0002946686676,,MDCK,L,A,A,24,75.652176
752,Iron oxide,I,Dextran,170,0.0002956541815,,MDCK,L,A,A,24,24.347826
753,Iron oxide,I,Dextran,170,0.0003942055754,,MDCK,L,A,A,24,22.608696
754,Iron oxide,I,Dextran,170,0.0004927569692,,MDCK,L,A,A,24,22.608696
755,Iron oxide,I,PEG,18.4,4.86E-05,,SKOV­3,L,H,A,24,89.89899
756,Iron oxide,I,PEG,18.4,9.72E-05,,SKOV­3,L,H,A,24,90.40404
757,Iron oxide,I,PEG,18.4,0.0004857760324,,SKOV­3,L,H,A,24,93.93939
758,Iron oxide,I,PEG,18.4,0.0009715520649,,SKOV­3,L,H,A,24,91.91919
759,Iron oxide,I,PEG,18.4,0.004857760324,,SKOV­3,L,H,A,24,80.80808
760,Iron oxide,I,PEG,18.4,0.009715520649,,SKOV­3,L,H,A,24,74.747475
761,Iron oxide,I,PEG,18.4,4.86E-05,,SKOV­3,L,H,A,48,105.55556
762,Iron oxide,I,PEG,18.4,9.72E-05,,SKOV­3,L,H,A,48,96.969696
763,Iron oxide,I,PEG,18.4,0.0004857760324,,SKOV­3,L,H,A,48,94.44444
764,Iron oxide,I,PEG,18.4,0.0009715520649,,SKOV­3,L,H,A,48,89.393936
765,Iron oxide,I,PEG,18.4,0.004857760324,,SKOV­3,L,H,A,48,87.37374
766,Iron oxide,I,PEG,18.4,0.009715520649,,SKOV­3,L,H,A,48,82.828285
767,Iron oxide,I,folic acid with intermediate organic (PEG) coating,326.5,8.69E-09,-23.5,SKOV­3,L,H,A,24,88.359535
768,Iron oxide,I,folic acid with intermediate organic (PEG) coating,326.5,1.74E-08,-23.5,SKOV­3,L,H,A,24,87.291214
769,Iron oxide,I,folic acid with intermediate organic (PEG) coating,326.5,8.69E-08,-23.5,SKOV­3,L,H,A,24,86.72798
770,Iron oxide,I,folic acid with intermediate organic (PEG) coating,326.5,1.74E-07,-23.5,SKOV­3,L,H,A,24,90.683495
771,Iron oxide,I,folic acid with intermediate organic (PEG) coating,326.5,8.69E-07,-23.5,SKOV­3,L,H,A,24,88.110214
772,Iron oxide,I,folic acid with intermediate organic (PEG) coating,326.5,1.74E-06,-23.5,SKOV­3,L,H,A,24,85.534355
773,Iron oxide,I,folic acid with intermediate organic (PEG) coating,326.5,8.69E-09,-23.5,SKOV­3,L,H,A,48,97.88402
774,Iron oxide,I,folic acid with intermediate organic (PEG) coating,326.5,1.74E-08,-23.5,SKOV­3,L,H,A,48,98.82833
775,Iron oxide,I,folic acid with intermediate organic (PEG) coating,326.5,8.69E-08,-23.5,SKOV­3,L,H,A,48,92.73359
776,Iron oxide,I,folic acid with intermediate organic (PEG) coating,326.5,1.74E-07,-23.5,SKOV­3,L,H,A,48,92.671585
777,Iron oxide,I,folic acid with intermediate organic (PEG) coating,326.5,8.69E-07,-23.5,SKOV­3,L,H,A,48,88.08567
778,Iron oxide,I,folic acid with intermediate organic (PEG) coating,326.5,1.74E-06,-23.5,SKOV­3,L,H,A,48,86.01491
779,Iron oxide,I,folic acid with intermediate organic (PEG) coating,326.5,8.69E-09,-23.5,Monocytes,P,H,A,24,97.067406
780,Iron oxide,I,folic acid with intermediate organic (PEG) coating,326.5,1.74E-08,-23.5,Monocytes,P,H,A,24,83.56256
781,Iron oxide,I,folic acid with intermediate organic (PEG) coating,326.5,8.69E-08,-23.5,Monocytes,P,H,A,24,83.124176
782,Iron oxide,I,folic acid with intermediate organic (PEG) coating,326.5,1.74E-07,-23.5,Monocytes,P,H,A,24,81.67816
783,Iron oxide,I,folic acid with intermediate organic (PEG) coating,326.5,8.69E-07,-23.5,Monocytes,P,H,A,24,81.74228
784,Iron oxide,I,folic acid with intermediate organic (PEG) coating,326.5,1.74E-06,-23.5,Monocytes,P,H,A,24,79.795074
785,Iron oxide,I,folic acid with intermediate inorganic (silica) coating,274.1,1.47E-08,-27.7,SKOV­3,L,H,A,24,87.878784
786,Iron oxide,I,folic acid with intermediate inorganic (silica) coating,274.1,2.94E-08,-27.7,SKOV­3,L,H,A,24,86.36364
787,Iron oxide,I,folic acid with intermediate inorganic (silica) coating,274.1,1.47E-07,-27.7,SKOV­3,L,H,A,24,83.333336
788,Iron oxide,I,folic acid with intermediate inorganic (silica) coating,274.1,2.94E-07,-27.7,SKOV­3,L,H,A,24,91.91919
789,Iron oxide,I,folic acid with intermediate inorganic (silica) coating,274.1,1.47E-06,-27.7,SKOV­3,L,H,A,24,85.85859
790,Iron oxide,I,folic acid with intermediate inorganic (silica) coating,274.1,2.94E-06,-27.7,SKOV­3,L,H,A,24,83.83839
791,Iron oxide,I,folic acid with intermediate inorganic (silica) coating,274.1,1.47E-08,-27.7,SKOV­3,L,H,A,48,93.43434
792,Iron oxide,I,folic acid with intermediate inorganic (silica) coating,274.1,2.94E-08,-27.7,SKOV­3,L,H,A,48,87.37374
793,Iron oxide,I,folic acid with intermediate inorganic (silica) coating,274.1,1.47E-07,-27.7,SKOV­3,L,H,A,48,88.383835
794,Iron oxide,I,folic acid with intermediate inorganic (silica) coating,274.1,2.94E-07,-27.7,SKOV­3,L,H,A,48,89.393936
795,Iron oxide,I,folic acid with intermediate inorganic (silica) coating,274.1,1.47E-06,-27.7,SKOV­3,L,H,A,48,85.35354
796,Iron oxide,I,folic acid with intermediate inorganic (silica) coating,274.1,2.94E-06,-27.7,SKOV­3,L,H,A,48,83.333336
797,Iron oxide,I,folic acid with intermediate inorganic (silica) coating,274.1,1.47E-08,-27.7,Monocytes,P,H,A,24,97.09096
798,Iron oxide,I,folic acid with intermediate inorganic (silica) coating,274.1,2.94E-08,-27.7,Monocytes,P,H,A,24,82.5811
799,Iron oxide,I,folic acid with intermediate inorganic (silica) coating,274.1,1.47E-07,-27.7,Monocytes,P,H,A,24,77.617546
800,Iron oxide,I,folic acid with intermediate inorganic (silica) coating,274.1,2.94E-07,-27.7,Monocytes,P,H,A,24,77.682976
801,Iron oxide,I,folic acid with intermediate inorganic (silica) coating,274.1,1.47E-06,-27.7,Monocytes,P,H,A,24,91.81465
802,Iron oxide,I,folic acid with intermediate inorganic (silica) coating,274.1,2.94E-06,-27.7,Monocytes,P,H,A,24,91.87615
803,Iron oxide,I,,36,0.0001297215251,,A549,L,H,A,24,84.31279
804,Iron oxide,I,,36,0.0003243038127,,A549,L,H,A,24,72.735
805,Iron oxide,I,,36,0.0006486076254,,A549,L,H,A,24,56.729298
806,Iron oxide,I,,36,0.0001297215251,,A549,L,H,A,24,86.00683
807,Iron oxide,I,,36,0.0003243038127,,A549,L,H,A,24,78.22526
808,Iron oxide,I,,36,0.0006486076254,,A549,L,H,A,24,65.52901
1403,Cu2O,I,,88.5,7.63E-08,,A549,L,H,A,3,96.397514
1404,Cu2O,I,,88.5,2.72E-07,,A549,L,H,A,3,94.90683
1405,Cu2O,I,,88.5,7.63E-07,,A549,L,H,A,3,94.90683
1406,Cu2O,I,,88.5,2.54E-06,,A549,L,H,A,3,102.85714
1407,Cu2O,I,,88.5,8.17E-06,,A549,L,H,A,3,95.90062
1408,Cu2O,I,,88.5,2.63E-05,,A549,L,H,A,3,103.354034
1409,Cu2O,I,,88.5,8.17E-05,,A549,L,H,A,3,77.01863
1410,Cu2O,I,,88.5,0.0002627744924,,A549,L,H,A,3,69.06832
1411,Cu2O,I,,88.5,0.0008168089933,,A549,L,H,A,3,94.409935
1412,Cu2O,I,,88.5,0.002538971531,,A549,L,H,A,3,78.01242
1413,Cu2O,I,,88.5,7.63E-08,,A549,L,H,A,24,95.403725
1414,Cu2O,I,,88.5,2.45E-07,,A549,L,H,A,24,96.89441
1415,Cu2O,I,,88.5,7.63E-07,,A549,L,H,A,24,94.409935
1416,Cu2O,I,,88.5,2.54E-06,,A549,L,H,A,24,82.484474
1417,Cu2O,I,,88.5,7.63E-06,,A549,L,H,A,24,54.658386
1418,Cu2O,I,,88.5,2.54E-05,,A549,L,H,A,24,43.229813
1419,Cu2O,I,,88.5,7.63E-05,,A549,L,H,A,24,20.869566
1420,Cu2O,I,,88.5,0.0002538971607,,A549,L,H,A,24,23.354036
1421,Cu2O,I,,88.5,0.0007892147332,,A549,L,H,A,24,31.304348
1422,Cu2O,I,,88.5,0.002538971531,,A549,L,H,A,24,42.732918
1423,Cu2O,I,,88.5,7.63E-08,,A549,L,H,A,3,107.32919
1424,Cu2O,I,,88.5,2.54E-07,,A549,L,H,A,3,113.78882
1425,Cu2O,I,,88.5,7.63E-07,,A549,L,H,A,3,112.79503
1426,Cu2O,I,,88.5,2.54E-06,,A549,L,H,A,3,119.25466
1427,Cu2O,I,,88.5,7.63E-06,,A549,L,H,A,3,110.80746
1428,Cu2O,I,,88.5,2.45E-05,,A549,L,H,A,3,93.416145
1429,Cu2O,I,,88.5,7.63E-05,,A549,L,H,A,3,11.428572
1430,Cu2O,I,,88.5,0.0002453197257,,A549,L,H,A,3,0
1431,Cu2O,I,,88.5,0.0007892147332,,A549,L,H,A,3,0
1432,Cu2O,I,,88.5,0.002538971531,,A549,L,H,A,3,0
1433,Cu2O,I,,88.5,7.89E-08,,A549,L,H,A,24,108.32298
1434,Cu2O,I,,88.5,2.63E-07,,A549,L,H,A,24,95.403725
1435,Cu2O,I,,88.5,7.63E-07,,A549,L,H,A,24,101.86336
1436,Cu2O,I,,88.5,2.54E-06,,A549,L,H,A,24,101.86336
1437,Cu2O,I,,88.5,7.37E-06,,A549,L,H,A,24,96.397514
1438,Cu2O,I,,88.5,2.54E-05,,A549,L,H,A,24,67.08074
1439,Cu2O,I,,88.5,7.63E-05,,A549,L,H,A,24,13.913043
1440,Cu2O,I,,88.5,0.0002538971607,,A549,L,H,A,24,3.9751554
1441,Cu2O,I,,88.5,0.0007625525411,,A549,L,H,A,24,3.9751554
1442,Cu2O,I,,88.5,0.002538971531,,A549,L,H,A,24,0
1443,Cu2O,I,,88.5,7.36E-08,,PMA activated THP­1,L,H,A,3,113.862434
1444,Cu2O,I,,88.5,2.41E-07,,PMA activated THP­1,L,H,A,4,109.20635
1445,Cu2O,I,,88.5,7.36E-07,,PMA activated THP­1,L,H,A,5,84.2328
1446,Cu2O,I,,88.5,2.33E-06,,PMA activated THP­1,L,H,A,6,93.1217
1447,Cu2O,I,,88.5,7.90E-06,,PMA activated THP­1,L,H,A,7,92.27513
1448,Cu2O,I,,88.5,2.59E-05,,PMA activated THP­1,L,H,A,8,113.01588
1449,Cu2O,I,,88.5,7.63E-05,,PMA activated THP­1,L,H,A,9,98.20106
1450,Cu2O,I,,88.5,0.0002585668189,,PMA activated THP­1,L,H,A,10,96.93121
1451,Cu2O,I,,88.5,0.0007625525411,,PMA activated THP­1,L,H,A,11,79.15344
1452,Cu2O,I,,88.5,0.002585668189,,PMA activated THP­1,L,H,A,12,74.07407
1453,Cu2O,I,,88.5,7.36E-08,,PMA activated THP­1,L,H,A,24,109.62963
1454,Cu2O,I,,88.5,2.59E-07,,PMA activated THP­1,L,H,A,24,103.703705
1455,Cu2O,I,,88.5,7.90E-07,,PMA activated THP­1,L,H,A,24,93.1217
1456,Cu2O,I,,88.5,2.50E-06,,PMA activated THP­1,L,H,A,24,68.14815
1457,Cu2O,I,,88.5,7.63E-06,,PMA activated THP­1,L,H,A,24,30.05291
1458,Cu2O,I,,88.5,2.50E-05,,PMA activated THP­1,L,H,A,24,22.857143
1459,Cu2O,I,,88.5,7.63E-05,,PMA activated THP­1,L,H,A,24,17.777779
1460,Cu2O,I,,88.5,0.0002585668189,,PMA activated THP­1,L,H,A,24,18.624338
1461,Cu2O,I,,88.5,0.000789625749,,PMA activated THP­1,L,H,A,24,21.16402
1462,Cu2O,I,,88.5,0.002585668189,,PMA activated THP­1,L,H,A,24,25.820107
1463,Cu2O,I,,88.5,7.63E-08,,PMA activated THP­1,L,H,A,3,105.39683
1464,Cu2O,I,,88.5,2.41E-07,,PMA activated THP­1,L,H,A,3,109.20635
1465,Cu2O,I,,88.5,7.63E-07,,PMA activated THP­1,L,H,A,3,95.2381
1466,Cu2O,I,,88.5,2.50E-06,,PMA activated THP­1,L,H,A,3,104.55026
1467,Cu2O,I,,88.5,7.90E-06,,PMA activated THP­1,L,H,A,3,93.544975
1468,Cu2O,I,,88.5,2.50E-05,,PMA activated THP­1,L,H,A,3,85.07937
1469,Cu2O,I,,88.5,7.63E-05,,PMA activated THP­1,L,H,A,3,11.851851
1470,Cu2O,I,,88.5,0.0002585668189,,PMA activated THP­1,L,H,A,3,13.121693
1471,Cu2O,I,,88.5,0.000789625749,,PMA activated THP­1,L,H,A,3,3.3862433
1472,Cu2O,I,,88.5,0.002585668189,,PMA activated THP­1,L,H,A,3,0
1473,Cu2O,I,,88.5,7.36E-08,,PMA activated THP­1,L,H,A,24,106.666664
1474,Cu2O,I,,88.5,2.50E-07,,PMA activated THP­1,L,H,A,24,88.04233
1475,Cu2O,I,,88.5,7.63E-07,,PMA activated THP­1,L,H,A,24,95.2381
1476,Cu2O,I,,88.5,2.50E-06,,PMA activated THP­1,L,H,A,24,83.809525
1477,Cu2O,I,,88.5,7.63E-06,,PMA activated THP­1,L,H,A,24,46.984127
1478,Cu2O,I,,88.5,2.50E-05,,PMA activated THP­1,L,H,A,24,31.74603
1479,Cu2O,I,,88.5,7.90E-05,,PMA activated THP­1,L,H,A,24,10.1587305
1480,Cu2O,I,,88.5,0.000249701589,,PMA activated THP­1,L,H,A,24,10.1587305
1481,Cu2O,I,,88.5,0.0007625525411,,PMA activated THP­1,L,H,A,24,5.9259257
1482,Cu2O,I,,88.5,0.002585668189,,PMA activated THP­1,L,H,A,24,5.68E-14
1830,Au,I,PEG-OCH3,40,7.69E-05,,SVEC4­10,L,A,A,24,44.333332
1831,Au,I,PEG-OCH3,40,7.69E-05,,SVEC4­10,L,A,A,72,75.09091
1832,Au,I,PEG-OCH3,40,7.69E-05,,SVEC4­10,L,A,A,24,25.242424
1833,Au,I,PEG-OCH3,40,7.69E-05,,SVEC4­10,L,A,A,72,45.81818
1834,Au,I,PEG-COOH,40,7.69E-05,,SVEC4­10,L,A,A,24,27.787878
1835,Au,I,PEG-COOH,40,7.69E-05,,SVEC4­10,L,A,A,72,5.090909
1836,Au,I,PEG-COOH,40,7.69E-05,,SVEC4­10,L,A,A,24,27.787878
1837,Au,I,PEG-COOH,40,7.69E-05,,SVEC4­10,L,A,A,72,42
1838,Au,I,PEG-NH2,40,7.69E-05,,SVEC4­10,L,A,A,24,43.060608
1839,Au,I,PEG-NH2,40,7.69E-05,,SVEC4­10,L,A,A,72,98
1840,Au,I,PEG-NH2,40,7.69E-05,,SVEC4­10,L,A,A,24,23.969696
1841,Au,I,PEG-NH2,40,7.69E-05,,SVEC4­10,L,A,A,72,47.090908
1842,Au,I,PVP,21.2,50,,A549,L,H,A,24,98.4
1843,Au,I,PVP,21.2,50,,A549,L,H,A,48,98.666664
1844,Au,I,PVP,21.2,50,,A549,L,H,A,72,100.8
1845,Au,I,PVP,21.2,100,,A549,L,H,A,24,96.53333
1846,Au,I,PVP,21.2,100,,A549,L,H,A,48,100.8
1847,Au,I,PVP,21.2,100,,A549,L,H,A,72,97.6
1848,Au,I,PVP,21.2,300,,A549,L,H,A,24,96.53333
1849,Au,I,PVP,21.2,300,,A549,L,H,A,48,93.066666
1850,Au,I,PVP,21.2,300,,A549,L,H,A,72,96.8
1851,Au,I,PVP,21.2,700,,A549,L,H,A,24,99.2
1852,Au,I,PVP,21.2,700,,A549,L,H,A,48,94.4
1853,Au,I,PVP,21.2,700,,A549,L,H,A,72,94.666664
1854,Au,I,PVP,21.2,50,,NCIH441,L,H,A,24,99.688194
1855,Au,I,PVP,21.2,50,,NCIH441,L,H,A,48,99.688194
1856,Au,I,PVP,21.2,50,,NCIH441,L,H,A,72,99.42094
1857,Au,I,PVP,21.2,100,,NCIH441,L,H,A,24,95.412025
1858,Au,I,PVP,21.2,100,,NCIH441,L,H,A,48,98.88641
1859,Au,I,PVP,21.2,100,,NCIH441,L,H,A,72,100.489975
1860,Au,I,PVP,21.2,300,,NCIH441,L,H,A,24,99.15367
1861,Au,I,PVP,21.2,300,,NCIH441,L,H,A,48,99.42094
1862,Au,I,PVP,21.2,300,,NCIH441,L,H,A,72,105.56793
1863,Au,I,PVP,21.2,500,,NCIH441,L,H,A,24,98.88641
1864,Au,I,PVP,21.2,500,,NCIH441,L,H,A,48,100.489975
1865,Au,I,PVP,21.2,500,,NCIH441,L,H,A,72,107.973274
1866,Au,I,PVP,21.2,700,,NCIH441,L,H,A,24,97.817375
1867,Au,I,PVP,21.2,700,,NCIH441,L,H,A,48,100.489975
1868,Au,I,PVP,21.2,700,,NCIH441,L,H,A,72,105.56793
1869,Au,I,Citrate and PVP,27.17,50,,A549,L,H,A,24,95.94655
1870,Au,I,Citrate and PVP,27.17,50,,A549,L,H,A,48,95.67929
1871,Au,I,Citrate and PVP,27.17,50,,A549,L,H,A,72,95.412025
1872,Au,I,Citrate and PVP,27.17,100,,A549,L,H,A,24,97.55011
1873,Au,I,Citrate and PVP,27.17,100,,A549,L,H,A,48,98.88641
1874,Au,I,Citrate and PVP,27.17,100,,A549,L,H,A,72,91.67038
1875,Au,I,Citrate and PVP,27.17,300,,A549,L,H,A,24,97.817375
1876,Au,I,Citrate and PVP,27.17,300,,A549,L,H,A,48,98.35189
1877,Au,I,Citrate and PVP,27.17,300,,A549,L,H,A,72,94.07572
1878,Au,I,Citrate and PVP,27.17,500,,A549,L,H,A,24,94.34299
1879,Au,I,Citrate and PVP,27.17,500,,A549,L,H,A,48,88.730515
1880,Au,I,Citrate and PVP,27.17,500,,A549,L,H,A,72,81.78174
1881,Au,I,Citrate and PVP,27.17,700,,A549,L,H,A,24,85.523384
1882,Au,I,Citrate and PVP,27.17,700,,A549,L,H,A,48,79.643654
1883,Au,I,Citrate and PVP,27.17,700,,A549,L,H,A,72,63.340755
1884,Au,I,Citrate and PVP,27.17,50,,NCIH441,L,H,A,24,99.42094
1885,Au,I,Citrate and PVP,27.17,50,,NCIH441,L,H,A,48,101.82628
1886,Au,I,Citrate and PVP,27.17,50,,NCIH441,L,H,A,72,101.0245
1887,Au,I,Citrate and PVP,27.17,100,,NCIH441,L,H,A,24,100.22272
1888,Au,I,Citrate and PVP,27.17,100,,NCIH441,L,H,A,48,103.42985
1889,Au,I,Citrate and PVP,27.17,100,,NCIH441,L,H,A,72,102.62806
1890,Au,I,Citrate and PVP,27.17,300,,NCIH441,L,H,A,24,102.62806
1891,Au,I,Citrate and PVP,27.17,300,,NCIH441,L,H,A,48,101.55902
1892,Au,I,Citrate and PVP,27.17,300,,NCIH441,L,H,A,72,101.55902
1893,Au,I,Citrate and PVP,27.17,500,,NCIH441,L,H,A,24,101.0245
1894,Au,I,Citrate and PVP,27.17,500,,NCIH441,L,H,A,48,102.895325
1895,Au,I,Citrate and PVP,27.17,500,,NCIH441,L,H,A,72,99.95546
1896,Au,I,Citrate and PVP,27.17,700,,NCIH441,L,H,A,24,98.35189
1897,Au,I,Citrate and PVP,27.17,700,,NCIH441,L,H,A,48,92.47216
1898,Au,I,Citrate and PVP,27.17,700,,NCIH441,L,H,A,72,90.06682
1899,Au,I,Citrate and PVP,28.18,50,,A549,L,H,A,24,98.35189
1900,Au,I,Citrate and PVP,28.18,50,,A549,L,H,A,48,100.22272
1901,Au,I,Citrate and PVP,28.18,50,,A549,L,H,A,72,96.213806
1902,Au,I,Citrate and PVP,28.18,100,,A549,L,H,A,24,97.55011
1903,Au,I,Citrate and PVP,28.18,100,,A549,L,H,A,48,100.75724
1904,Au,I,Citrate and PVP,28.18,100,,A549,L,H,A,72,94.34299
1905,Au,I,Citrate and PVP,28.18,300,,A549,L,H,A,24,95.67929
1906,Au,I,Citrate and PVP,28.18,300,,A549,L,H,A,48,98.619156
1907,Au,I,Citrate and PVP,28.18,300,,A549,L,H,A,72,94.8775
1908,Au,I,Citrate and PVP,28.18,500,,A549,L,H,A,24,99.688194
1909,Au,I,Citrate and PVP,28.18,500,,A549,L,H,A,48,93.27394
1910,Au,I,Citrate and PVP,28.18,500,,A549,L,H,A,72,89.79955
1911,Au,I,Citrate and PVP,28.18,700,,A549,L,H,A,24,89.532295
1912,Au,I,Citrate and PVP,28.18,700,,A549,L,H,A,48,84.454346
1913,Au,I,Citrate and PVP,28.18,700,,A549,L,H,A,72,71.09132
1914,Au,I,Citrate and PVP,28.18,50,,NCIH441,L,H,A,24,98.88641
1915,Au,I,Citrate and PVP,28.18,50,,NCIH441,L,H,A,48,101.291756
1916,Au,I,Citrate and PVP,28.18,50,,NCIH441,L,H,A,72,100.75724
1917,Au,I,Citrate and PVP,28.18,100,,NCIH441,L,H,A,24,99.95546
1918,Au,I,Citrate and PVP,28.18,100,,NCIH441,L,H,A,48,103.96436
1919,Au,I,Citrate and PVP,28.18,100,,NCIH441,L,H,A,72,99.95546
1920,Au,I,Citrate and PVP,28.18,300,,NCIH441,L,H,A,24,101.291756
1921,Au,I,Citrate and PVP,28.18,300,,NCIH441,L,H,A,48,106.10245
1922,Au,I,Citrate and PVP,28.18,300,,NCIH441,L,H,A,72,102.093544
1923,Au,I,Citrate and PVP,28.18,500,,NCIH441,L,H,A,24,101.82628
1924,Au,I,Citrate and PVP,28.18,500,,NCIH441,L,H,A,48,105.30067
1925,Au,I,Citrate and PVP,28.18,500,,NCIH441,L,H,A,72,104.76614
1926,Au,I,Citrate and PVP,28.18,700,,NCIH441,L,H,A,24,101.82628
1927,Au,I,Citrate and PVP,28.18,700,,NCIH441,L,H,A,48,95.94655
1928,Au,I,Citrate and PVP,28.18,700,,NCIH441,L,H,A,72,97.55011
1929,Au,I,Citrate,21,0.0003544996613,,CHO22,L,H,A,24,100.11429
1930,Au,I,Citrate,21,0.0008862491531,,CHO22,L,H,A,24,99.08572
1931,Au,I,Citrate,21,0.001417998645,,CHO22,L,H,A,24,92.22857
1932,Au,I,Citrate,21,0.001949748137,,CHO22,L,H,A,24,87.08572
1933,Au,I,Citrate,21,0.002481497629,,CHO22,L,H,A,24,79.2
1934,Au,I,Citrate,21,0.001949748137,,CHO22,L,H,A,24,94.70085
1935,Au,I,Citrate,21,0.001949748137,,CHO22,L,H,A,36,91.62393
1936,Au,I,Citrate,21,0.001949748137,,CHO22,L,H,A,48,86.49573
1937,Au,I,Citrate,21,0.001949748137,,CHO22,L,H,A,60,86.83761
1938,Au,I,Citrate,21,0.001949748137,,CHO22,L,H,A,72,85.811966
1939,Au,I,Starch,21,0.0003544996613,,CHO22,L,H,A,24,100.11429
1940,Au,I,Starch,21,0.0008862491531,,CHO22,L,H,A,24,96
1941,Au,I,Starch,21,0.001417998645,,CHO22,L,H,A,24,96.34286
1942,Au,I,Starch,21,0.001949748137,,CHO22,L,H,A,24,90.51428
1943,Au,I,Starch,21,0.002481497629,,CHO22,L,H,A,24,77.14286
1944,Au,I,Starch,21,0.001949748137,,CHO22,L,H,A,24,96.75214
1945,Au,I,Starch,21,0.001949748137,,CHO22,L,H,A,36,96.75214
1946,Au,I,Starch,21,0.001949748137,,CHO22,L,H,A,48,93.67522
1947,Au,I,Starch,21,0.001949748137,,CHO22,L,H,A,60,91.28205
1948,Au,I,Starch,21,0.001949748137,,CHO22,L,H,A,72,89.91453
1949,Au,I,Gum Arabic,20,0.0004103776704,,CHO22,L,H,A,24,99.77143
1950,Au,I,Gum Arabic,20,0.001025944176,,CHO22,L,H,A,24,100.457146
1951,Au,I,Gum Arabic,20,0.001641510681,,CHO22,L,H,A,24,97.71429
1952,Au,I,Gum Arabic,20,0.002257077187,,CHO22,L,H,A,24,93.942856
1953,Au,I,Gum Arabic,20,0.002872643693,,CHO22,L,H,A,24,89.14286
1954,Au,I,Gum Arabic,20,0.002257077187,,CHO22,L,H,A,24,98.80342
1955,Au,I,Gum Arabic,20,0.002257077187,,CHO22,L,H,A,36,98.80342
1956,Au,I,Gum Arabic,20,0.002257077187,,CHO22,L,H,A,48,97.77778
1957,Au,I,Gum Arabic,20,0.002257077187,,CHO22,L,H,A,60,95.726494
1958,Au,I,Gum Arabic,20,0.002257077187,,CHO22,L,H,A,72,94.70085
1959,Au,I,,20,0.001,,HEK­293,L,H,E,48,100.75949
1960,Au,I,,20,0.01,,HEK­293,L,H,E,48,101.51899
1961,Au,I,,20,0.1,,HEK­293,L,H,E,48,101.51899
1962,Au,I,,20,1,,HEK­293,L,H,E,48,100.25317
1963,Au,I,,20,10,,HEK­293,L,H,E,48,94.177216
1964,Au,I,,20,100,,HEK­293,L,H,E,48,88.101265
1965,Au,I,,20,1000,,HEK­293,L,H,E,48,42.925983
1966,Au,I,Star anise,35,3.83E-08,,A549,L,H,A,48,94.210526
1967,Au,I,Star anise,35,1.53E-07,,A549,L,H,A,48,92.63158
1968,Au,I,Star anise,35,3.06E-07,,A549,L,H,A,48,90.52631
1969,Au,I,Star anise,35,3.83E-07,,A549,L,H,A,48,88.42105
1970,Au,I,Star anise,35,7.66E-07,,A549,L,H,A,48,80.52631
1971,Au,I,Citrate,35,3.83E-08,,A549,L,H,A,48,93.68421
1972,Au,I,Citrate,35,1.53E-07,,A549,L,H,A,48,89.47369
1973,Au,I,Citrate,35,3.06E-07,,A549,L,H,A,48,84.210526
1974,Au,I,Citrate,35,3.83E-07,,A549,L,H,A,48,81.57895
1975,Au,I,Citrate,35,7.66E-07,,A549,L,H,A,48,74.73684
1976,Au,I,Citrate,35,3.83E-08,,A549,L,H,A,48,92.63158
1977,Au,I,Citrate,35,1.53E-07,,A549,L,H,A,48,89.47369
1978,Au,I,Citrate,35,3.06E-07,,A549,L,H,A,48,82.10526
1979,Au,I,Citrate,35,3.83E-07,,A549,L,H,A,48,74.73684
1980,Au,I,Sodium borohydride,35,7.66E-07,,A549,L,H,A,48,69.47369
1981,Au,I,,25,0.001050566836,,MDA­MB­231,L,H,A,48,62.41379
1982,Au,I,,25,0.0005252834181,,MDA­MB­231,L,H,A,48,66.206894
1983,Au,I,,25,0.0001050566836,,MDA­MB­231,L,H,A,48,77.586205
1984,Au,I,,25,1.05E-05,,MDA­MB­231,L,H,A,48,80
1985,Au,I,PEG,21.7,0.01,-7.6,C17.2,L,A,A,24,91.451065
1986,Au,I,PEG,21.7,0.02,-7.6,C17.2,L,A,A,24,93.266335
1987,Au,I,PEG,21.7,0.05,-7.6,C17.2,L,A,A,24,95.39359
1988,Au,I,PEG,21.7,0.1,-7.6,C17.2,L,A,A,24,92.55768
1989,Au,I,PEG,21.7,0.2,-7.6,C17.2,L,A,A,24,88.172
1990,Au,I,PEG,21.7,0.4,-7.6,C17.2,L,A,A,24,82.23656
1991,Au,I,PEG,21.7,0.8,-7.6,C17.2,L,A,A,24,71.33922
1992,Au,I,PEG,21.7,0.01,-7.6,HUVEC,P,H,E,24,95.48146
1993,Au,I,PEG,21.7,0.02,-7.6,HUVEC,P,H,E,24,96.98729
1994,Au,I,PEG,21.7,0.05,-7.6,HUVEC,P,H,E,24,94.153275
1995,Au,I,PEG,21.7,0.1,-7.6,HUVEC,P,H,E,24,91.937515
1996,Au,I,PEG,21.7,0.2,-7.6,HUVEC,P,H,E,24,85.69136
1997,Au,I,PEG,21.7,0.4,-7.6,HUVEC,P,H,E,24,72.003944
1998,Au,I,PEG,21.7,0.8,-7.6,HUVEC,P,H,E,24,53.664707
1999,Au,I,PEG,21.7,0.01,-7.6,PC12,L,A,A,24,96.72178
2000,Au,I,PEG,21.7,0.02,-7.6,PC12,L,A,A,24,96.3684
2001,Au,I,PEG,21.7,0.05,-7.6,PC12,L,A,A,24,94.15264
2002,Au,I,PEG,21.7,0.1,-7.6,PC12,L,A,A,24,92.24696
2003,Au,I,PEG,21.7,0.2,-7.6,PC12,L,A,A,24,95.30382
2004,Au,I,PEG,21.7,0.4,-7.6,PC12,L,A,A,24,84.09704
2005,Au,I,PEG,21.7,0.8,-7.6,PC12,L,A,A,24,77.5408